{"train_scores": 1000.0, "steps": 2300, "episodes": 1, "walltime": 8.949763059616089, "_timestamp": 1706520262.340889, "_runtime": 9.772692918777466, "_step": 0, "_wandb": {"runtime": 30}}