{"train_scores": 2000.0, "steps": 3276, "episodes": 1, "walltime": 8.208055257797241, "_timestamp": 1706551978.4294722, "_runtime": 9.025739192962646, "_step": 0}