{"train_scores": 2000.0, "steps": 3364, "episodes": 1, "walltime": 18.66967797279358, "_timestamp": 1706548387.5599937, "_runtime": 19.615556716918945, "_step": 0, "_wandb": {"runtime": 18}}