{"train_scores": 0.0, "steps": 3996, "episodes": 1, "walltime": 24.198144674301147, "_timestamp": 1706520471.3444173, "_runtime": 25.447251319885254, "_step": 0}