{"train_scores": 2000.0, "steps": 2436, "episodes": 1, "walltime": 7.009754419326782, "_timestamp": 1706552821.7487197, "_runtime": 7.678374767303467, "_step": 0}