{"train_scores": 3000.0, "steps": 4996, "episodes": 2, "walltime": 13.689883470535278, "_timestamp": 1706553276.7216656, "_runtime": 14.592963695526123, "_step": 1, "_wandb": {"runtime": 98}}