{"train_scores": 0.0, "steps": 7164, "episodes": 4, "walltime": 21.71716809272766, "_timestamp": 1706882945.4078052, "_runtime": 22.603527307510376, "_step": 3}