{"train_scores": 1000.0, "steps": 3152, "episodes": 1, "walltime": 16.03178644180298, "_timestamp": 1706548147.5600123, "_runtime": 16.762283325195312, "_step": 0, "_wandb": {"runtime": 16}}