{"train_scores": 2000.0, "steps": 4876, "episodes": 3, "walltime": 31.8460111618042, "_timestamp": 1706548519.0863402, "_runtime": 33.07447624206543, "_step": 2}