{"train_scores": 4000.0, "steps": 21088, "episodes": 17, "walltime": 201.69352746009827, "_timestamp": 1706548848.5677428, "_runtime": 202.88184881210327, "_step": 16}