{"train_scores": 1000.0, "steps": 16708, "episodes": 13, "walltime": 155.15420293807983, "_timestamp": 1706548802.0289185, "_runtime": 156.3430244922638, "_step": 12}