{"train_scores": 1000.0, "steps": 3336, "episodes": 3, "walltime": 9.794353485107422, "_timestamp": 1706552590.2286284, "_runtime": 10.498995304107666, "_step": 2, "_wandb": {"runtime": 71}}