{"train_scores": 35000.0, "steps": 49997056, "episodes": 31253, "walltime": 158391.6583237648, "_timestamp": 1707207849.6285446, "_runtime": 158767.22142648697, "_step": 36252, "eval_scores": 92000, "_wandb": {"runtime": 158767}}