{"train_scores": 1000.0, "steps": 4508, "episodes": 2, "walltime": 12.624053716659546, "_timestamp": 1706553506.6408966, "_runtime": 13.480172634124756, "_step": 1, "_wandb": {"runtime": 91}}