{"train_scores": 2000.0, "steps": 4236, "episodes": 2, "walltime": 11.091742753982544, "_timestamp": 1706552034.3146577, "_runtime": 16.265037775039673, "_step": 1}