{"train_scores": 1000.0, "steps": 4836, "episodes": 4, "walltime": 13.322232484817505, "_timestamp": 1706552871.7847376, "_runtime": 14.565176486968994, "_step": 3, "_wandb": {"runtime": 66}}