{"train_scores": 2000.0, "steps": 2784, "episodes": 2, "_timestamp": 1706519781.6612017, "_runtime": 148.98878860473633, "_step": 19, "eval_scores": 1000.0}