{"train_scores": 0.0, "steps": 4416, "episodes": 1, "walltime": 29.15488600730896, "_timestamp": 1706548461.0575666, "_runtime": 29.97231674194336, "_step": 0, "_wandb": {"runtime": 29}}