{"train_scores": 2000.0, "steps": 3136, "episodes": 1, "walltime": 17.03147792816162, "_timestamp": 1706548339.27109, "_runtime": 18.124863147735596, "_step": 0, "_wandb": {"runtime": 17}}