{"train_scores": 460.0, "steps": 999296, "episodes": 834, "walltime": 4006.2075843811035, "_timestamp": 1706651098.9612029, "_runtime": 4021.4393258094788, "_step": 833, "_wandb": {"runtime": 4044}}