{"train_scores": 1000.0, "steps": 3256, "episodes": 1, "walltime": 16.92836308479309, "_timestamp": 1706548270.2341633, "_runtime": 17.784428358078003, "_step": 0, "_wandb": {"runtime": 17}}