{"train_scores": 0.0, "steps": 4084, "episodes": 3, "walltime": 12.147456407546997, "_timestamp": 1706552473.982155, "_runtime": 12.884847164154053, "_step": 2, "_wandb": {"runtime": 63}}