{"eval_scores": 2000.0, "_timestamp": 1706519545.4245064, "_runtime": 114.72330236434937, "_step": 19}