{"train_scores": 1000.0, "steps": 18224, "episodes": 14, "walltime": 224.19757103919983, "_timestamp": 1706549720.2130358, "_runtime": 224.98211979866028, "_step": 13}